0,file:/data/Diego/UNAM/Titulacion/codigo/mio/analisis2/topic_modeling/textos_ids/0345656_A1.txt,0.9577113092041671,0.04228869079583288
1,file:/data/Diego/UNAM/Titulacion/codigo/mio/analisis2/topic_modeling/textos_ids/0603306.txt,0.11774721239233492,0.8822527876076651
2,file:/data/Diego/UNAM/Titulacion/codigo/mio/analisis2/topic_modeling/textos_ids/0604231.txt,0.9852017395506161,0.01479826044938391
3,file:/data/Diego/UNAM/Titulacion/codigo/mio/analisis2/topic_modeling/textos_ids/0604700.txt,0.9215585559142941,0.0784414440857059
4,file:/data/Diego/UNAM/Titulacion/codigo/mio/analisis2/topic_modeling/textos_ids/0605308.txt,0.8808353808353808,0.11916461916461916
5,file:/data/Diego/UNAM/Titulacion/codigo/mio/analisis2/topic_modeling/textos_ids/0605326.txt,0.943319568402824,0.05668043159717597
6,file:/data/Diego/UNAM/Titulacion/codigo/mio/analisis2/topic_modeling/textos_ids/0605334.txt,0.6846153846153846,0.3153846153846154
7,file:/data/Diego/UNAM/Titulacion/codigo/mio/analisis2/topic_modeling/textos_ids/0605505.txt,0.05219320812966298,0.947806791870337
8,file:/data/Diego/UNAM/Titulacion/codigo/mio/analisis2/topic_modeling/textos_ids/0606395.txt,0.08498683619084313,0.9150131638091569
9,file:/data/Diego/UNAM/Titulacion/codigo/mio/analisis2/topic_modeling/textos_ids/0606600.txt,0.9832314801013564,0.016768519898643613
10,file:/data/Diego/UNAM/Titulacion/codigo/mio/analisis2/topic_modeling/textos_ids/0607538.txt,0.6515549715286904,0.3484450284713097
11,file:/data/Diego/UNAM/Titulacion/codigo/mio/analisis2/topic_modeling/textos_ids/0608369.txt,0.9450631536058671,0.05493684639413283
12,file:/data/Diego/UNAM/Titulacion/codigo/mio/analisis2/topic_modeling/textos_ids/0608782.txt,0.9050369445311687,0.0949630554688313
13,file:/data/Diego/UNAM/Titulacion/codigo/mio/analisis2/topic_modeling/textos_ids/0608990.txt,0.8852300667369161,0.11476993326308395
14,file:/data/Diego/UNAM/Titulacion/codigo/mio/analisis2/topic_modeling/textos_ids/0609028.txt,0.9686657147390132,0.03133428526098683
15,file:/data/Diego/UNAM/Titulacion/codigo/mio/analisis2/topic_modeling/textos_ids/0609650.txt,0.739737101082525,0.26026289891747506
16,file:/data/Diego/UNAM/Titulacion/codigo/mio/analisis2/topic_modeling/textos_ids/0610004.txt,0.9148721399730821,0.0851278600269179
17,file:/data/Diego/UNAM/Titulacion/codigo/mio/analisis2/topic_modeling/textos_ids/0610033.txt,0.972444653791804,0.027555346208195948
18,file:/data/Diego/UNAM/Titulacion/codigo/mio/analisis2/topic_modeling/textos_ids/0610204.txt,0.9723670490093848,0.027632950990615225
19,file:/data/Diego/UNAM/Titulacion/codigo/mio/analisis2/topic_modeling/textos_ids/0610357.txt,0.9612991266375546,0.03870087336244542
20,file:/data/Diego/UNAM/Titulacion/codigo/mio/analisis2/topic_modeling/textos_ids/0610632.txt,0.6055458260361938,0.39445417396380617
21,file:/data/Diego/UNAM/Titulacion/codigo/mio/analisis2/topic_modeling/textos_ids/0611233.txt,0.7980172001911132,0.20198279980888675
22,file:/data/Diego/UNAM/Titulacion/codigo/mio/analisis2/topic_modeling/textos_ids/0612262.txt,0.9429613892481065,0.05703861075189359
23,file:/data/Diego/UNAM/Titulacion/codigo/mio/analisis2/topic_modeling/textos_ids/0612272.txt,0.9817061520825373,0.018293847917462743
24,file:/data/Diego/UNAM/Titulacion/codigo/mio/analisis2/topic_modeling/textos_ids/0612675.txt,0.9665673864482501,0.03343261355174981
25,file:/data/Diego/UNAM/Titulacion/codigo/mio/analisis2/topic_modeling/textos_ids/0614376.txt,0.9128230758246466,0.08717692417535342
26,file:/data/Diego/UNAM/Titulacion/codigo/mio/analisis2/topic_modeling/textos_ids/0614711.txt,0.9535854616895875,0.046414538310412576
27,file:/data/Diego/UNAM/Titulacion/codigo/mio/analisis2/topic_modeling/textos_ids/0615202.txt,0.8897226011823556,0.11027739881764438
28,file:/data/Diego/UNAM/Titulacion/codigo/mio/analisis2/topic_modeling/textos_ids/0615389.txt,0.9326825127334465,0.06731748726655348
29,file:/data/Diego/UNAM/Titulacion/codigo/mio/analisis2/topic_modeling/textos_ids/0615718.txt,0.25675536303630364,0.7432446369636964
30,file:/data/Diego/UNAM/Titulacion/codigo/mio/analisis2/topic_modeling/textos_ids/0615729.txt,0.12285491419656787,0.8771450858034321
31,file:/data/Diego/UNAM/Titulacion/codigo/mio/analisis2/topic_modeling/textos_ids/0616257.txt,0.9381199278629396,0.06188007213706041
32,file:/data/Diego/UNAM/Titulacion/codigo/mio/analisis2/topic_modeling/textos_ids/0618425.txt,0.9594828207159836,0.04051717928401642
33,file:/data/Diego/UNAM/Titulacion/codigo/mio/analisis2/topic_modeling/textos_ids/0619316.txt,0.1272693817468106,0.8727306182531894
34,file:/data/Diego/UNAM/Titulacion/codigo/mio/analisis2/topic_modeling/textos_ids/0619463.txt,0.9699152542372881,0.030084745762711865
35,file:/data/Diego/UNAM/Titulacion/codigo/mio/analisis2/topic_modeling/textos_ids/0621235.txt,0.4589575820662478,0.5410424179337522
36,file:/data/Diego/UNAM/Titulacion/codigo/mio/analisis2/topic_modeling/textos_ids/0621272.txt,0.07149418248622168,0.9285058175137784
37,file:/data/Diego/UNAM/Titulacion/codigo/mio/analisis2/topic_modeling/textos_ids/0621526.txt,0.958401727861771,0.04159827213822894
38,file:/data/Diego/UNAM/Titulacion/codigo/mio/analisis2/topic_modeling/textos_ids/0623397.txt,0.9497858672376873,0.05021413276231263
39,file:/data/Diego/UNAM/Titulacion/codigo/mio/analisis2/topic_modeling/textos_ids/0624813.txt,0.852027027027027,0.14797297297297296
40,file:/data/Diego/UNAM/Titulacion/codigo/mio/analisis2/topic_modeling/textos_ids/0626143.txt,0.9388191774860376,0.06118082251396243
41,file:/data/Diego/UNAM/Titulacion/codigo/mio/analisis2/topic_modeling/textos_ids/0626526.txt,0.645839849859243,0.35416015014075697
42,file:/data/Diego/UNAM/Titulacion/codigo/mio/analisis2/topic_modeling/textos_ids/0627762.txt,0.876846976902174,0.12315302309782608
43,file:/data/Diego/UNAM/Titulacion/codigo/mio/analisis2/topic_modeling/textos_ids/0627962.txt,0.8801183621241203,0.11988163787587972
44,file:/data/Diego/UNAM/Titulacion/codigo/mio/analisis2/topic_modeling/textos_ids/0628636.txt,0.8753323315223673,0.12466766847763264
45,file:/data/Diego/UNAM/Titulacion/codigo/mio/analisis2/topic_modeling/textos_ids/0628716.txt,0.9045644599303135,0.09543554006968641
46,file:/data/Diego/UNAM/Titulacion/codigo/mio/analisis2/topic_modeling/textos_ids/0629932.txt,0.9728186190312608,0.027181380968739264
47,file:/data/Diego/UNAM/Titulacion/codigo/mio/analisis2/topic_modeling/textos_ids/0630836.txt,0.942346028748295,0.05765397125170496
48,file:/data/Diego/UNAM/Titulacion/codigo/mio/analisis2/topic_modeling/textos_ids/0632795.txt,0.6591156934668385,0.3408843065331615
49,file:/data/Diego/UNAM/Titulacion/codigo/mio/analisis2/topic_modeling/textos_ids/0632916.txt,0.9765810746552543,0.0234189253447456
50,file:/data/Diego/UNAM/Titulacion/codigo/mio/analisis2/topic_modeling/textos_ids/0635124.txt,0.9401408450704225,0.05985915492957746
51,file:/data/Diego/UNAM/Titulacion/codigo/mio/analisis2/topic_modeling/textos_ids/0635587.txt,0.9023070641077992,0.0976929358922009
52,file:/data/Diego/UNAM/Titulacion/codigo/mio/analisis2/topic_modeling/textos_ids/0635667.txt,0.9796544561933535,0.020345543806646525
53,file:/data/Diego/UNAM/Titulacion/codigo/mio/analisis2/topic_modeling/textos_ids/0636424.txt,0.9118865125479045,0.08811348745209543
54,file:/data/Diego/UNAM/Titulacion/codigo/mio/analisis2/topic_modeling/textos_ids/0638042.txt,0.938948548287956,0.061051451712043965
55,file:/data/Diego/UNAM/Titulacion/codigo/mio/analisis2/topic_modeling/textos_ids/0638048.txt,0.47250262881177707,0.5274973711882229
56,file:/data/Diego/UNAM/Titulacion/codigo/mio/analisis2/topic_modeling/textos_ids/0638784.txt,0.32993107104984093,0.670068928950159
57,file:/data/Diego/UNAM/Titulacion/codigo/mio/analisis2/topic_modeling/textos_ids/0641033.txt,0.9327795451867562,0.06722045481324379
58,file:/data/Diego/UNAM/Titulacion/codigo/mio/analisis2/topic_modeling/textos_ids/0641393.txt,0.6866955170883267,0.31330448291167334
59,file:/data/Diego/UNAM/Titulacion/codigo/mio/analisis2/topic_modeling/textos_ids/0641841.txt,0.9113955823293173,0.08860441767068274
60,file:/data/Diego/UNAM/Titulacion/codigo/mio/analisis2/topic_modeling/textos_ids/0642509.txt,0.9368359723079032,0.06316402769209678
61,file:/data/Diego/UNAM/Titulacion/codigo/mio/analisis2/topic_modeling/textos_ids/0643199.txt,0.9668047963322165,0.03319520366778346
62,file:/data/Diego/UNAM/Titulacion/codigo/mio/analisis2/topic_modeling/textos_ids/0643887.txt,0.9524108058816825,0.047589194118317565
63,file:/data/Diego/UNAM/Titulacion/codigo/mio/analisis2/topic_modeling/textos_ids/0644116.txt,0.9843106995884774,0.015689300411522635
64,file:/data/Diego/UNAM/Titulacion/codigo/mio/analisis2/topic_modeling/textos_ids/0644352.txt,0.9428531311429373,0.057146868857062626
65,file:/data/Diego/UNAM/Titulacion/codigo/mio/analisis2/topic_modeling/textos_ids/0644523.txt,0.5910900045228403,0.40890999547715967
66,file:/data/Diego/UNAM/Titulacion/codigo/mio/analisis2/topic_modeling/textos_ids/0645539.txt,0.9444548170276326,0.055545182972367435
67,file:/data/Diego/UNAM/Titulacion/codigo/mio/analisis2/topic_modeling/textos_ids/0645613.txt,0.5424089988122686,0.45759100118773144
68,file:/data/Diego/UNAM/Titulacion/codigo/mio/analisis2/topic_modeling/textos_ids/0645807.txt,0.8055513307984791,0.1944486692015209
69,file:/data/Diego/UNAM/Titulacion/codigo/mio/analisis2/topic_modeling/textos_ids/0646061.txt,0.24701021230851922,0.7529897876914808
70,file:/data/Diego/UNAM/Titulacion/codigo/mio/analisis2/topic_modeling/textos_ids/0646356.txt,0.892280701754386,0.10771929824561403
71,file:/data/Diego/UNAM/Titulacion/codigo/mio/analisis2/topic_modeling/textos_ids/0649805.txt,0.9016764236295902,0.0983235763704098
72,file:/data/Diego/UNAM/Titulacion/codigo/mio/analisis2/topic_modeling/textos_ids/0650836.txt,0.3904915277972273,0.6095084722027727
73,file:/data/Diego/UNAM/Titulacion/codigo/mio/analisis2/topic_modeling/textos_ids/0650966.txt,0.96011700913242,0.03988299086757991
74,file:/data/Diego/UNAM/Titulacion/codigo/mio/analisis2/topic_modeling/textos_ids/0651849.txt,0.6747481531229013,0.32525184687709874
75,file:/data/Diego/UNAM/Titulacion/codigo/mio/analisis2/topic_modeling/textos_ids/0651949.txt,0.9700415749572022,0.029958425042797752
76,file:/data/Diego/UNAM/Titulacion/codigo/mio/analisis2/topic_modeling/textos_ids/0654181.txt,0.8001204611942867,0.1998795388057133
77,file:/data/Diego/UNAM/Titulacion/codigo/mio/analisis2/topic_modeling/textos_ids/0654778.txt,0.9903087279480037,0.009691272051996287
78,file:/data/Diego/UNAM/Titulacion/codigo/mio/analisis2/topic_modeling/textos_ids/0655349.txt,0.9441073354908306,0.05589266450916936
79,file:/data/Diego/UNAM/Titulacion/codigo/mio/analisis2/topic_modeling/textos_ids/0656172.txt,0.9718781147657696,0.028121885234230384
80,file:/data/Diego/UNAM/Titulacion/codigo/mio/analisis2/topic_modeling/textos_ids/0656183.txt,0.5606360316494218,0.4393639683505782
81,file:/data/Diego/UNAM/Titulacion/codigo/mio/analisis2/topic_modeling/textos_ids/0657628.txt,0.946932347302109,0.05306765269789099
82,file:/data/Diego/UNAM/Titulacion/codigo/mio/analisis2/topic_modeling/textos_ids/0657687.txt,0.9741413150147203,0.025858684985279688
83,file:/data/Diego/UNAM/Titulacion/codigo/mio/analisis2/topic_modeling/textos_ids/0657762.txt,0.9680671480821532,0.03193285191784676
84,file:/data/Diego/UNAM/Titulacion/codigo/mio/analisis2/topic_modeling/textos_ids/0658130.txt,0.9428824103439863,0.05711758965601366
85,file:/data/Diego/UNAM/Titulacion/codigo/mio/analisis2/topic_modeling/textos_ids/0658176.txt,0.8879008542220977,0.11209914577790225
86,file:/data/Diego/UNAM/Titulacion/codigo/mio/analisis2/topic_modeling/textos_ids/0658780.txt,0.9043527144233858,0.0956472855766142
87,file:/data/Diego/UNAM/Titulacion/codigo/mio/analisis2/topic_modeling/textos_ids/0660010.txt,0.9713200628601362,0.028679937139863804
88,file:/data/Diego/UNAM/Titulacion/codigo/mio/analisis2/topic_modeling/textos_ids/0660550.txt,0.9536293497087073,0.04637065029129271
89,file:/data/Diego/UNAM/Titulacion/codigo/mio/analisis2/topic_modeling/textos_ids/0661224.txt,0.8458504465740921,0.1541495534259078
90,file:/data/Diego/UNAM/Titulacion/codigo/mio/analisis2/topic_modeling/textos_ids/0662860.txt,0.9195171963836332,0.08048280361636685
91,file:/data/Diego/UNAM/Titulacion/codigo/mio/analisis2/topic_modeling/textos_ids/0663681.txt,0.9452123941911936,0.0547876058088064
92,file:/data/Diego/UNAM/Titulacion/codigo/mio/analisis2/topic_modeling/textos_ids/0663796.txt,0.9635156535509807,0.03648434644901937
93,file:/data/Diego/UNAM/Titulacion/codigo/mio/analisis2/topic_modeling/textos_ids/0663925.txt,0.8896083385975995,0.1103916614024005
94,file:/data/Diego/UNAM/Titulacion/codigo/mio/analisis2/topic_modeling/textos_ids/0610285.txt,0.9453387458006719,0.05466125419932811
95,file:/data/Diego/UNAM/Titulacion/codigo/mio/analisis2/topic_modeling/textos_ids/0622595.txt,0.33969733413509723,0.6603026658649028
96,file:/data/Diego/UNAM/Titulacion/codigo/mio/analisis2/topic_modeling/textos_ids/0638953.txt,0.8600705754614549,0.13992942453854507
97,file:/data/Diego/UNAM/Titulacion/codigo/mio/analisis2/topic_modeling/textos_ids/0651972.txt,0.951126587464154,0.04887341253584596
98,file:/data/Diego/UNAM/Titulacion/codigo/mio/analisis2/topic_modeling/textos_ids/0664580.txt,0.9171382376717866,0.08286176232821342
99,file:/data/Diego/UNAM/Titulacion/codigo/mio/analisis2/topic_modeling/textos_ids/0678191_A1.txt,0.6901971632632532,0.3098028367367468
100,file:/data/Diego/UNAM/Titulacion/codigo/mio/analisis2/topic_modeling/textos_ids/0690270.txt,0.9115801194452879,0.08841988055471202
101,file:/data/Diego/UNAM/Titulacion/codigo/mio/analisis2/topic_modeling/textos_ids/0703374.txt,0.7228319783197832,0.2771680216802168
102,file:/data/Diego/UNAM/Titulacion/codigo/mio/analisis2/topic_modeling/textos_ids/0717058.txt,0.9493530125353822,0.050646987464617876
103,file:/data/Diego/UNAM/Titulacion/codigo/mio/analisis2/topic_modeling/textos_ids/0723274.txt,0.0921176102596184,0.9078823897403816
104,file:/data/Diego/UNAM/Titulacion/codigo/mio/analisis2/topic_modeling/textos_ids/0724377.txt,0.08247033441208199,0.917529665587918
105,file:/data/Diego/UNAM/Titulacion/codigo/mio/analisis2/topic_modeling/textos_ids/0729792.txt,0.9228072260518184,0.07719277394818161
106,file:/data/Diego/UNAM/Titulacion/codigo/mio/analisis2/topic_modeling/textos_ids/0741744.txt,0.8976388168137001,0.10236118318629994
107,file:/data/Diego/UNAM/Titulacion/codigo/mio/analisis2/topic_modeling/textos_ids/0748506.txt,0.8257780784844384,0.17422192151556157
108,file:/data/Diego/UNAM/Titulacion/codigo/mio/analisis2/topic_modeling/textos_ids/0755721.txt,0.92194334513643,0.0780566548635701
109,file:/data/Diego/UNAM/Titulacion/codigo/mio/analisis2/topic_modeling/textos_ids/0767425.txt,0.9380382131324004,0.061961786867599566
110,file:/data/Diego/UNAM/Titulacion/codigo/mio/analisis2/topic_modeling/textos_ids/0777460.txt,0.9535150126612806,0.046484987338719405
111,file:/data/Diego/UNAM/Titulacion/codigo/mio/analisis2/topic_modeling/textos_ids/0788573.txt,0.9223953751413849,0.07760462485861505
112,file:/data/Diego/UNAM/Titulacion/codigo/mio/analisis2/topic_modeling/textos_ids/0800073.txt,0.9426180868739615,0.05738191312603845
113,file:/data/Diego/UNAM/Titulacion/codigo/mio/analisis2/topic_modeling/textos_ids/0809996.txt,0.9582297633200043,0.04177023667999568
114,file:/data/Diego/UNAM/Titulacion/codigo/mio/analisis2/topic_modeling/textos_ids/0812794.txt,0.9493916298970451,0.05060837010295494
115,file:/data/Diego/UNAM/Titulacion/codigo/mio/analisis2/topic_modeling/textos_ids/0824040.txt,0.9663485156853112,0.03365148431468875
116,file:/data/Diego/UNAM/Titulacion/codigo/mio/analisis2/topic_modeling/textos_ids/0833110.txt,0.9301871272876825,0.0698128727123175
117,file:/data/Diego/UNAM/Titulacion/codigo/mio/analisis2/topic_modeling/textos_ids/0665312.txt,0.9389415481832544,0.06105845181674566
118,file:/data/Diego/UNAM/Titulacion/codigo/mio/analisis2/topic_modeling/textos_ids/0665553.txt,0.8062173155142359,0.19378268448576408
119,file:/data/Diego/UNAM/Titulacion/codigo/mio/analisis2/topic_modeling/textos_ids/0668451_A1.txt,0.9396542524810586,0.060345747518941416
120,file:/data/Diego/UNAM/Titulacion/codigo/mio/analisis2/topic_modeling/textos_ids/0668756_A1.txt,0.7840969396780471,0.21590306032195294
121,file:/data/Diego/UNAM/Titulacion/codigo/mio/analisis2/topic_modeling/textos_ids/0669183_A1.txt,0.7223037417461482,0.2776962582538518
122,file:/data/Diego/UNAM/Titulacion/codigo/mio/analisis2/topic_modeling/textos_ids/0669771_A1.txt,0.9681860249884313,0.03181397501156872
123,file:/data/Diego/UNAM/Titulacion/codigo/mio/analisis2/topic_modeling/textos_ids/0669831_A1.txt,0.5790279561394843,0.4209720438605157
124,file:/data/Diego/UNAM/Titulacion/codigo/mio/analisis2/topic_modeling/textos_ids/0672112_A1.txt,0.9523162134944613,0.04768378650553877
125,file:/data/Diego/UNAM/Titulacion/codigo/mio/analisis2/topic_modeling/textos_ids/0673859_A1.txt,0.9613462234060044,0.0386537765939956
126,file:/data/Diego/UNAM/Titulacion/codigo/mio/analisis2/topic_modeling/textos_ids/0674294_A1.txt,0.9608214389746578,0.039178561025342264
127,file:/data/Diego/UNAM/Titulacion/codigo/mio/analisis2/topic_modeling/textos_ids/0674372_A1.txt,0.9531505471009936,0.04684945289900642
128,file:/data/Diego/UNAM/Titulacion/codigo/mio/analisis2/topic_modeling/textos_ids/0674722_A1.txt,5.901639344262295E-4,0.9994098360655738
129,file:/data/Diego/UNAM/Titulacion/codigo/mio/analisis2/topic_modeling/textos_ids/0674921_A1.txt,0.6746013838748496,0.3253986161251504
130,file:/data/Diego/UNAM/Titulacion/codigo/mio/analisis2/topic_modeling/textos_ids/0675656_A1.txt,0.8826146116809713,0.11738538831902869
131,file:/data/Diego/UNAM/Titulacion/codigo/mio/analisis2/topic_modeling/textos_ids/0675808_A1.txt,0.9246599111604664,0.0753400888395336
132,file:/data/Diego/UNAM/Titulacion/codigo/mio/analisis2/topic_modeling/textos_ids/0676189_A1.txt,0.8647324792765637,0.1352675207234363
133,file:/data/Diego/UNAM/Titulacion/codigo/mio/analisis2/topic_modeling/textos_ids/0676418_A1.txt,0.9391146642978755,0.06088533570212451
134,file:/data/Diego/UNAM/Titulacion/codigo/mio/analisis2/topic_modeling/textos_ids/0677018_A1.txt,0.7038160319410319,0.2961839680589681
135,file:/data/Diego/UNAM/Titulacion/codigo/mio/analisis2/topic_modeling/textos_ids/0678307_A1.txt,0.8635984216117772,0.13640157838822278
136,file:/data/Diego/UNAM/Titulacion/codigo/mio/analisis2/topic_modeling/textos_ids/0678343_A1.txt,0.8803271135683023,0.11967288643169777
137,file:/data/Diego/UNAM/Titulacion/codigo/mio/analisis2/topic_modeling/textos_ids/0679629_A1.txt,0.7597209609510444,0.24027903904895567
138,file:/data/Diego/UNAM/Titulacion/codigo/mio/analisis2/topic_modeling/textos_ids/0679636_A1.txt,0.9052254098360656,0.09477459016393443
139,file:/data/Diego/UNAM/Titulacion/codigo/mio/analisis2/topic_modeling/textos_ids/0680635_A1.txt,0.6898205620133168,0.31017943798668324
140,file:/data/Diego/UNAM/Titulacion/codigo/mio/analisis2/topic_modeling/textos_ids/0680719_A1.txt,0.8877136452787896,0.11228635472121043
141,file:/data/Diego/UNAM/Titulacion/codigo/mio/analisis2/topic_modeling/textos_ids/0680729_A1.txt,0.9819306135560553,0.01806938644394475
142,file:/data/Diego/UNAM/Titulacion/codigo/mio/analisis2/topic_modeling/textos_ids/0680884_A1.txt,0.5540634291377602,0.44593657086223987
143,file:/data/Diego/UNAM/Titulacion/codigo/mio/analisis2/topic_modeling/textos_ids/0681212_A1.txt,0.9279531299482741,0.07204687005172596
144,file:/data/Diego/UNAM/Titulacion/codigo/mio/analisis2/topic_modeling/textos_ids/0681675.txt,0.061173814898419866,0.9388261851015801
145,file:/data/Diego/UNAM/Titulacion/codigo/mio/analisis2/topic_modeling/textos_ids/0686399.txt,0.5951244813278008,0.4048755186721992
146,file:/data/Diego/UNAM/Titulacion/codigo/mio/analisis2/topic_modeling/textos_ids/0687085.txt,0.9735976987877543,0.026402301212245738
147,file:/data/Diego/UNAM/Titulacion/codigo/mio/analisis2/topic_modeling/textos_ids/0687383.txt,0.9517075773745998,0.04829242262540021
148,file:/data/Diego/UNAM/Titulacion/codigo/mio/analisis2/topic_modeling/textos_ids/0688135.txt,0.895853226026463,0.10414677397353704
149,file:/data/Diego/UNAM/Titulacion/codigo/mio/analisis2/topic_modeling/textos_ids/0689275.txt,0.9292693067248726,0.07073069327512732
150,file:/data/Diego/UNAM/Titulacion/codigo/mio/analisis2/topic_modeling/textos_ids/0689534.txt,0.7462377001736447,0.2537622998263554
151,file:/data/Diego/UNAM/Titulacion/codigo/mio/analisis2/topic_modeling/textos_ids/0689940.txt,0.8967616365744575,0.10323836342554249
152,file:/data/Diego/UNAM/Titulacion/codigo/mio/analisis2/topic_modeling/textos_ids/0690159.txt,0.9787444677381785,0.02125553226182157
153,file:/data/Diego/UNAM/Titulacion/codigo/mio/analisis2/topic_modeling/textos_ids/0690834.txt,0.9803628389154705,0.019637161084529505
154,file:/data/Diego/UNAM/Titulacion/codigo/mio/analisis2/topic_modeling/textos_ids/0691557.txt,0.9543536804308798,0.04564631956912029
155,file:/data/Diego/UNAM/Titulacion/codigo/mio/analisis2/topic_modeling/textos_ids/0691665.txt,0.5984802121583027,0.4015197878416973
156,file:/data/Diego/UNAM/Titulacion/codigo/mio/analisis2/topic_modeling/textos_ids/0691686.txt,0.5002660517914154,0.4997339482085846
157,file:/data/Diego/UNAM/Titulacion/codigo/mio/analisis2/topic_modeling/textos_ids/0691810.txt,0.9651352958667856,0.034864704133214394
158,file:/data/Diego/UNAM/Titulacion/codigo/mio/analisis2/topic_modeling/textos_ids/0693050.txt,0.6741005783746692,0.32589942162533087
159,file:/data/Diego/UNAM/Titulacion/codigo/mio/analisis2/topic_modeling/textos_ids/0693229.txt,0.9504028529916788,0.04959714700832123
160,file:/data/Diego/UNAM/Titulacion/codigo/mio/analisis2/topic_modeling/textos_ids/0693987.txt,0.9302007299270073,0.0697992700729927
161,file:/data/Diego/UNAM/Titulacion/codigo/mio/analisis2/topic_modeling/textos_ids/0694570.txt,0.9448855989232839,0.055114401076716016
162,file:/data/Diego/UNAM/Titulacion/codigo/mio/analisis2/topic_modeling/textos_ids/0696088.txt,0.5967175963155201,0.4032824036844799
163,file:/data/Diego/UNAM/Titulacion/codigo/mio/analisis2/topic_modeling/textos_ids/0696151.txt,0.17441688263606073,0.8255831173639393
164,file:/data/Diego/UNAM/Titulacion/codigo/mio/analisis2/topic_modeling/textos_ids/0697321.txt,0.6910551719924238,0.3089448280075762
165,file:/data/Diego/UNAM/Titulacion/codigo/mio/analisis2/topic_modeling/textos_ids/0699591.txt,0.9435754956438225,0.05642450435617754
166,file:/data/Diego/UNAM/Titulacion/codigo/mio/analisis2/topic_modeling/textos_ids/0700125.txt,0.8321320182094082,0.1678679817905918
167,file:/data/Diego/UNAM/Titulacion/codigo/mio/analisis2/topic_modeling/textos_ids/0700961.txt,0.9187533656435111,0.08124663435648896
168,file:/data/Diego/UNAM/Titulacion/codigo/mio/analisis2/topic_modeling/textos_ids/0701956.txt,0.9502658878912039,0.049734112108796094
169,file:/data/Diego/UNAM/Titulacion/codigo/mio/analisis2/topic_modeling/textos_ids/0702399.txt,0.9672581158497772,0.03274188415022279
170,file:/data/Diego/UNAM/Titulacion/codigo/mio/analisis2/topic_modeling/textos_ids/0702670.txt,0.39455355103905,0.60544644896095
171,file:/data/Diego/UNAM/Titulacion/codigo/mio/analisis2/topic_modeling/textos_ids/0702673.txt,0.9765315010161618,0.02346849898383819
172,file:/data/Diego/UNAM/Titulacion/codigo/mio/analisis2/topic_modeling/textos_ids/0703934.txt,0.5445293481200973,0.4554706518799026
173,file:/data/Diego/UNAM/Titulacion/codigo/mio/analisis2/topic_modeling/textos_ids/0704800.txt,0.7379421221864951,0.2620578778135048
174,file:/data/Diego/UNAM/Titulacion/codigo/mio/analisis2/topic_modeling/textos_ids/0704982.txt,0.9421845825553481,0.057815417444651906
175,file:/data/Diego/UNAM/Titulacion/codigo/mio/analisis2/topic_modeling/textos_ids/0705006.txt,0.9403232789724347,0.059676721027565306
176,file:/data/Diego/UNAM/Titulacion/codigo/mio/analisis2/topic_modeling/textos_ids/0705158.txt,0.6605301914580265,0.3394698085419735
177,file:/data/Diego/UNAM/Titulacion/codigo/mio/analisis2/topic_modeling/textos_ids/0707750.txt,0.9640679660169915,0.035932033983008496
178,file:/data/Diego/UNAM/Titulacion/codigo/mio/analisis2/topic_modeling/textos_ids/0708668.txt,0.7154487179487179,0.28455128205128205
179,file:/data/Diego/UNAM/Titulacion/codigo/mio/analisis2/topic_modeling/textos_ids/0708925.txt,0.9013918739125985,0.0986081260874015
180,file:/data/Diego/UNAM/Titulacion/codigo/mio/analisis2/topic_modeling/textos_ids/0708926.txt,0.942739325608101,0.05726067439189895
181,file:/data/Diego/UNAM/Titulacion/codigo/mio/analisis2/topic_modeling/textos_ids/0709610.txt,0.9661131059245961,0.03388689407540395
182,file:/data/Diego/UNAM/Titulacion/codigo/mio/analisis2/topic_modeling/textos_ids/0709683.txt,0.8578802477632484,0.14211975223675155
183,file:/data/Diego/UNAM/Titulacion/codigo/mio/analisis2/topic_modeling/textos_ids/0709691.txt,0.7896485694976346,0.2103514305023654
184,file:/data/Diego/UNAM/Titulacion/codigo/mio/analisis2/topic_modeling/textos_ids/0713809.txt,0.9135835704945774,0.08641642950542266
185,file:/data/Diego/UNAM/Titulacion/codigo/mio/analisis2/topic_modeling/textos_ids/0714046.txt,0.8825175943698017,0.11748240563019834
186,file:/data/Diego/UNAM/Titulacion/codigo/mio/analisis2/topic_modeling/textos_ids/0714083.txt,0.9044217175515115,0.0955782824484885
187,file:/data/Diego/UNAM/Titulacion/codigo/mio/analisis2/topic_modeling/textos_ids/0714271.txt,0.9592740398627895,0.0407259601372105
188,file:/data/Diego/UNAM/Titulacion/codigo/mio/analisis2/topic_modeling/textos_ids/0714729.txt,0.9550278730703259,0.0449721269296741
189,file:/data/Diego/UNAM/Titulacion/codigo/mio/analisis2/topic_modeling/textos_ids/0716134.txt,0.5265881108845079,0.4734118891154921
190,file:/data/Diego/UNAM/Titulacion/codigo/mio/analisis2/topic_modeling/textos_ids/0716938.txt,0.9580864197530864,0.04191358024691358
191,file:/data/Diego/UNAM/Titulacion/codigo/mio/analisis2/topic_modeling/textos_ids/0717457.txt,0.9400895856662934,0.059910414333706606
192,file:/data/Diego/UNAM/Titulacion/codigo/mio/analisis2/topic_modeling/textos_ids/0718562.txt,0.0911082113896915,0.9088917886103085
193,file:/data/Diego/UNAM/Titulacion/codigo/mio/analisis2/topic_modeling/textos_ids/0719090.txt,0.07391411648568608,0.9260858835143139
194,file:/data/Diego/UNAM/Titulacion/codigo/mio/analisis2/topic_modeling/textos_ids/0719552.txt,0.13519866545344253,0.8648013345465575
195,file:/data/Diego/UNAM/Titulacion/codigo/mio/analisis2/topic_modeling/textos_ids/0719782.txt,0.24963047567858102,0.750369524321419
196,file:/data/Diego/UNAM/Titulacion/codigo/mio/analisis2/topic_modeling/textos_ids/0719783.txt,0.17115404377761792,0.8288459562223821
197,file:/data/Diego/UNAM/Titulacion/codigo/mio/analisis2/topic_modeling/textos_ids/0720791.txt,0.9147586408050168,0.08524135919498323
198,file:/data/Diego/UNAM/Titulacion/codigo/mio/analisis2/topic_modeling/textos_ids/0721514.txt,0.43252931204972456,0.5674706879502754
199,file:/data/Diego/UNAM/Titulacion/codigo/mio/analisis2/topic_modeling/textos_ids/0721829.txt,0.1131950265437273,0.8868049734562727
200,file:/data/Diego/UNAM/Titulacion/codigo/mio/analisis2/topic_modeling/textos_ids/0721830.txt,0.9555146346191122,0.04448536538088777
201,file:/data/Diego/UNAM/Titulacion/codigo/mio/analisis2/topic_modeling/textos_ids/0721831.txt,0.07615200478755237,0.9238479952124476
202,file:/data/Diego/UNAM/Titulacion/codigo/mio/analisis2/topic_modeling/textos_ids/0721875.txt,0.16956369830108747,0.8304363016989125
203,file:/data/Diego/UNAM/Titulacion/codigo/mio/analisis2/topic_modeling/textos_ids/0721876.txt,0.3951676099259904,0.6048323900740096
204,file:/data/Diego/UNAM/Titulacion/codigo/mio/analisis2/topic_modeling/textos_ids/0721877.txt,0.4041462882776238,0.5958537117223762
205,file:/data/Diego/UNAM/Titulacion/codigo/mio/analisis2/topic_modeling/textos_ids/0722160.txt,0.980943477635553,0.019056522364447
206,file:/data/Diego/UNAM/Titulacion/codigo/mio/analisis2/topic_modeling/textos_ids/0722256.txt,0.9575707154742097,0.042429284525790346
207,file:/data/Diego/UNAM/Titulacion/codigo/mio/analisis2/topic_modeling/textos_ids/0722431.txt,0.5124700956937799,0.4875299043062201
208,file:/data/Diego/UNAM/Titulacion/codigo/mio/analisis2/topic_modeling/textos_ids/0723182.txt,0.865227434257285,0.13477256574271498
209,file:/data/Diego/UNAM/Titulacion/codigo/mio/analisis2/topic_modeling/textos_ids/0723240.txt,0.7766678292063176,0.22333217079368242
210,file:/data/Diego/UNAM/Titulacion/codigo/mio/analisis2/topic_modeling/textos_ids/0723275.txt,0.056710676785528644,0.9432893232144713
211,file:/data/Diego/UNAM/Titulacion/codigo/mio/analisis2/topic_modeling/textos_ids/0723276.txt,0.1598470845236095,0.8401529154763905
212,file:/data/Diego/UNAM/Titulacion/codigo/mio/analisis2/topic_modeling/textos_ids/0723622.txt,0.5310788518640712,0.4689211481359287
213,file:/data/Diego/UNAM/Titulacion/codigo/mio/analisis2/topic_modeling/textos_ids/0723624.txt,0.4784015707948513,0.5215984292051488
214,file:/data/Diego/UNAM/Titulacion/codigo/mio/analisis2/topic_modeling/textos_ids/0723625.txt,0.06315876152832675,0.9368412384716732
215,file:/data/Diego/UNAM/Titulacion/codigo/mio/analisis2/topic_modeling/textos_ids/0723628.txt,0.5334280506111945,0.4665719493888055
216,file:/data/Diego/UNAM/Titulacion/codigo/mio/analisis2/topic_modeling/textos_ids/0723630.txt,0.6869430693069307,0.3130569306930693
217,file:/data/Diego/UNAM/Titulacion/codigo/mio/analisis2/topic_modeling/textos_ids/0723631.txt,0.5764309435436609,0.42356905645633913
218,file:/data/Diego/UNAM/Titulacion/codigo/mio/analisis2/topic_modeling/textos_ids/0723682.txt,0.10329092920353983,0.8967090707964602
219,file:/data/Diego/UNAM/Titulacion/codigo/mio/analisis2/topic_modeling/textos_ids/0723683.txt,0.03763210511282491,0.9623678948871751
220,file:/data/Diego/UNAM/Titulacion/codigo/mio/analisis2/topic_modeling/textos_ids/0723684.txt,0.46977618785543934,0.5302238121445606
221,file:/data/Diego/UNAM/Titulacion/codigo/mio/analisis2/topic_modeling/textos_ids/0723715.txt,0.08627471276265397,0.913725287237346
222,file:/data/Diego/UNAM/Titulacion/codigo/mio/analisis2/topic_modeling/textos_ids/0723716.txt,0.7892278687119719,0.2107721312880281
223,file:/data/Diego/UNAM/Titulacion/codigo/mio/analisis2/topic_modeling/textos_ids/0723719.txt,0.14693262735073945,0.8530673726492606
224,file:/data/Diego/UNAM/Titulacion/codigo/mio/analisis2/topic_modeling/textos_ids/0723724.txt,0.4360525683147688,0.5639474316852312
225,file:/data/Diego/UNAM/Titulacion/codigo/mio/analisis2/topic_modeling/textos_ids/0723770.txt,0.6415508109897385,0.3584491890102615
226,file:/data/Diego/UNAM/Titulacion/codigo/mio/analisis2/topic_modeling/textos_ids/0723775.txt,0.05114645909129368,0.9488535409087063
227,file:/data/Diego/UNAM/Titulacion/codigo/mio/analisis2/topic_modeling/textos_ids/0723816.txt,0.08154175080175793,0.918458249198242
228,file:/data/Diego/UNAM/Titulacion/codigo/mio/analisis2/topic_modeling/textos_ids/0724109.txt,0.9703220858895706,0.029677914110429447
229,file:/data/Diego/UNAM/Titulacion/codigo/mio/analisis2/topic_modeling/textos_ids/0724378.txt,0.24257046568627452,0.7574295343137255
230,file:/data/Diego/UNAM/Titulacion/codigo/mio/analisis2/topic_modeling/textos_ids/0724690.txt,0.945104426135275,0.054895573864725045
231,file:/data/Diego/UNAM/Titulacion/codigo/mio/analisis2/topic_modeling/textos_ids/0724768.txt,0.9216576426488963,0.0783423573511037
232,file:/data/Diego/UNAM/Titulacion/codigo/mio/analisis2/topic_modeling/textos_ids/0725033.txt,0.7962153196622437,0.20378468033775635
233,file:/data/Diego/UNAM/Titulacion/codigo/mio/analisis2/topic_modeling/textos_ids/0725079.txt,0.9236361521460975,0.07636384785390253
234,file:/data/Diego/UNAM/Titulacion/codigo/mio/analisis2/topic_modeling/textos_ids/0725141.txt,0.7600374064837905,0.23996259351620947
235,file:/data/Diego/UNAM/Titulacion/codigo/mio/analisis2/topic_modeling/textos_ids/0725143.txt,0.6262316704166343,0.37376832958336564
236,file:/data/Diego/UNAM/Titulacion/codigo/mio/analisis2/topic_modeling/textos_ids/0725149.txt,0.06920780997388384,0.9307921900261161
237,file:/data/Diego/UNAM/Titulacion/codigo/mio/analisis2/topic_modeling/textos_ids/0725150.txt,0.16798861970859558,0.8320113802914044
238,file:/data/Diego/UNAM/Titulacion/codigo/mio/analisis2/topic_modeling/textos_ids/0725346.txt,0.8076695816591822,0.19233041834081777
239,file:/data/Diego/UNAM/Titulacion/codigo/mio/analisis2/topic_modeling/textos_ids/0725358.txt,0.5527619519445133,0.4472380480554867
240,file:/data/Diego/UNAM/Titulacion/codigo/mio/analisis2/topic_modeling/textos_ids/0725621.txt,0.9623868312757201,0.03761316872427983
241,file:/data/Diego/UNAM/Titulacion/codigo/mio/analisis2/topic_modeling/textos_ids/0726288.txt,0.9447636833788249,0.05523631662117512
242,file:/data/Diego/UNAM/Titulacion/codigo/mio/analisis2/topic_modeling/textos_ids/0727430.txt,0.9533193662432893,0.04668063375671075
243,file:/data/Diego/UNAM/Titulacion/codigo/mio/analisis2/topic_modeling/textos_ids/0727527.txt,0.9367226061204343,0.06327739387956564
244,file:/data/Diego/UNAM/Titulacion/codigo/mio/analisis2/topic_modeling/textos_ids/0729113.txt,0.9407402941885701,0.05925970581142995
245,file:/data/Diego/UNAM/Titulacion/codigo/mio/analisis2/topic_modeling/textos_ids/0729293.txt,0.6695040029446949,0.3304959970553051
246,file:/data/Diego/UNAM/Titulacion/codigo/mio/analisis2/topic_modeling/textos_ids/0729372.txt,0.9481009805026485,0.05189901949735152
247,file:/data/Diego/UNAM/Titulacion/codigo/mio/analisis2/topic_modeling/textos_ids/0729496.txt,0.9519088213491476,0.04809117865085248
248,file:/data/Diego/UNAM/Titulacion/codigo/mio/analisis2/topic_modeling/textos_ids/0729917.txt,0.9584131851284017,0.041586814871598314
249,file:/data/Diego/UNAM/Titulacion/codigo/mio/analisis2/topic_modeling/textos_ids/0733028.txt,0.9718093748119622,0.028190625188037787
250,file:/data/Diego/UNAM/Titulacion/codigo/mio/analisis2/topic_modeling/textos_ids/0733108.txt,0.8643157894736843,0.1356842105263158
251,file:/data/Diego/UNAM/Titulacion/codigo/mio/analisis2/topic_modeling/textos_ids/0733354.txt,0.5121472522809251,0.4878527477190749
252,file:/data/Diego/UNAM/Titulacion/codigo/mio/analisis2/topic_modeling/textos_ids/0734672.txt,0.45688991531947654,0.5431100846805235
253,file:/data/Diego/UNAM/Titulacion/codigo/mio/analisis2/topic_modeling/textos_ids/0735099.txt,0.9650889767671774,0.03491102323282254
254,file:/data/Diego/UNAM/Titulacion/codigo/mio/analisis2/topic_modeling/textos_ids/0735351.txt,0.9308114464915719,0.06918855350842806
255,file:/data/Diego/UNAM/Titulacion/codigo/mio/analisis2/topic_modeling/textos_ids/0735644.txt,0.9109995255416733,0.08900047445832675
256,file:/data/Diego/UNAM/Titulacion/codigo/mio/analisis2/topic_modeling/textos_ids/0736348.txt,0.9231104261592067,0.07688957384079335
257,file:/data/Diego/UNAM/Titulacion/codigo/mio/analisis2/topic_modeling/textos_ids/0736408.txt,0.9722368190576283,0.027763180942371693
258,file:/data/Diego/UNAM/Titulacion/codigo/mio/analisis2/topic_modeling/textos_ids/0737594.txt,0.914687454465977,0.08531254553402302
259,file:/data/Diego/UNAM/Titulacion/codigo/mio/analisis2/topic_modeling/textos_ids/0738360.txt,0.9246467128938822,0.07535328710611779
260,file:/data/Diego/UNAM/Titulacion/codigo/mio/analisis2/topic_modeling/textos_ids/0738522.txt,0.9483908948194663,0.05160910518053375
261,file:/data/Diego/UNAM/Titulacion/codigo/mio/analisis2/topic_modeling/textos_ids/0738830.txt,0.8795368364030336,0.12046316359696642
262,file:/data/Diego/UNAM/Titulacion/codigo/mio/analisis2/topic_modeling/textos_ids/0738980.txt,0.9124812352562728,0.08751876474372722
263,file:/data/Diego/UNAM/Titulacion/codigo/mio/analisis2/topic_modeling/textos_ids/0738993.txt,0.4490704026786501,0.5509295973213499
264,file:/data/Diego/UNAM/Titulacion/codigo/mio/analisis2/topic_modeling/textos_ids/0739777.txt,0.6930242330858664,0.30697576691413364
265,file:/data/Diego/UNAM/Titulacion/codigo/mio/analisis2/topic_modeling/textos_ids/0739951.txt,0.5396602461209202,0.4603397538790797
266,file:/data/Diego/UNAM/Titulacion/codigo/mio/analisis2/topic_modeling/textos_ids/0740516.txt,0.8090719063545151,0.19092809364548494
267,file:/data/Diego/UNAM/Titulacion/codigo/mio/analisis2/topic_modeling/textos_ids/0742433.txt,0.1145043075736145,0.8854956924263855
268,file:/data/Diego/UNAM/Titulacion/codigo/mio/analisis2/topic_modeling/textos_ids/0742504.txt,0.3919222559263004,0.6080777440736996
269,file:/data/Diego/UNAM/Titulacion/codigo/mio/analisis2/topic_modeling/textos_ids/0742641.txt,0.4839634399667636,0.5160365600332364
270,file:/data/Diego/UNAM/Titulacion/codigo/mio/analisis2/topic_modeling/textos_ids/0742650.txt,0.9416066606660666,0.05839333933393339
271,file:/data/Diego/UNAM/Titulacion/codigo/mio/analisis2/topic_modeling/textos_ids/0743094.txt,0.8058406113537118,0.1941593886462882
272,file:/data/Diego/UNAM/Titulacion/codigo/mio/analisis2/topic_modeling/textos_ids/0743828.txt,0.09406802356722013,0.9059319764327799
273,file:/data/Diego/UNAM/Titulacion/codigo/mio/analisis2/topic_modeling/textos_ids/0743832.txt,0.04984937598622866,0.9501506240137714
274,file:/data/Diego/UNAM/Titulacion/codigo/mio/analisis2/topic_modeling/textos_ids/0743837.txt,0.6612670986321094,0.3387329013678906
275,file:/data/Diego/UNAM/Titulacion/codigo/mio/analisis2/topic_modeling/textos_ids/0744196.txt,0.870382085020243,0.12961791497975708
276,file:/data/Diego/UNAM/Titulacion/codigo/mio/analisis2/topic_modeling/textos_ids/0744640.txt,0.9612407101568952,0.03875928984310487
277,file:/data/Diego/UNAM/Titulacion/codigo/mio/analisis2/topic_modeling/textos_ids/0744652.txt,0.7416139429389996,0.2583860570610004
278,file:/data/Diego/UNAM/Titulacion/codigo/mio/analisis2/topic_modeling/textos_ids/0745000.txt,0.8615733736762481,0.13842662632375188
279,file:/data/Diego/UNAM/Titulacion/codigo/mio/analisis2/topic_modeling/textos_ids/0745008.txt,0.7839751104698349,0.21602488953016502
280,file:/data/Diego/UNAM/Titulacion/codigo/mio/analisis2/topic_modeling/textos_ids/0745038.txt,0.4922015596880624,0.5077984403119377
281,file:/data/Diego/UNAM/Titulacion/codigo/mio/analisis2/topic_modeling/textos_ids/0745178.txt,0.886436170212766,0.11356382978723405
282,file:/data/Diego/UNAM/Titulacion/codigo/mio/analisis2/topic_modeling/textos_ids/0745369.txt,0.8870180866254165,0.11298191337458353
283,file:/data/Diego/UNAM/Titulacion/codigo/mio/analisis2/topic_modeling/textos_ids/0745604.txt,0.9465141761402548,0.05348582385974524
284,file:/data/Diego/UNAM/Titulacion/codigo/mio/analisis2/topic_modeling/textos_ids/0745634.txt,0.5635929590427979,0.436407040957202
285,file:/data/Diego/UNAM/Titulacion/codigo/mio/analisis2/topic_modeling/textos_ids/0746109.txt,0.9478234943351223,0.052176505664877755
286,file:/data/Diego/UNAM/Titulacion/codigo/mio/analisis2/topic_modeling/textos_ids/0749658.txt,0.7452357881136951,0.25476421188630494
287,file:/data/Diego/UNAM/Titulacion/codigo/mio/analisis2/topic_modeling/textos_ids/0750437.txt,0.8846905248201758,0.11530947517982418
288,file:/data/Diego/UNAM/Titulacion/codigo/mio/analisis2/topic_modeling/textos_ids/0750717.txt,0.974639225476466,0.02536077452353407
289,file:/data/Diego/UNAM/Titulacion/codigo/mio/analisis2/topic_modeling/textos_ids/0750760.txt,0.9027667460947842,0.09723325390521578
290,file:/data/Diego/UNAM/Titulacion/codigo/mio/analisis2/topic_modeling/textos_ids/0750850.txt,0.9689685314685315,0.031031468531468532
291,file:/data/Diego/UNAM/Titulacion/codigo/mio/analisis2/topic_modeling/textos_ids/0751321.txt,0.9833456698741673,0.016654330125832718
292,file:/data/Diego/UNAM/Titulacion/codigo/mio/analisis2/topic_modeling/textos_ids/0751449.txt,0.964448771317309,0.03555122868269102
293,file:/data/Diego/UNAM/Titulacion/codigo/mio/analisis2/topic_modeling/textos_ids/0751977.txt,0.6217504002439582,0.3782495997560418
294,file:/data/Diego/UNAM/Titulacion/codigo/mio/analisis2/topic_modeling/textos_ids/0752009.txt,0.9509003001000333,0.04909969989996665
295,file:/data/Diego/UNAM/Titulacion/codigo/mio/analisis2/topic_modeling/textos_ids/0752018.txt,0.7321881660407997,0.2678118339592002
296,file:/data/Diego/UNAM/Titulacion/codigo/mio/analisis2/topic_modeling/textos_ids/0752780.txt,0.9349096705632306,0.0650903294367694
297,file:/data/Diego/UNAM/Titulacion/codigo/mio/analisis2/topic_modeling/textos_ids/0753223.txt,0.7622451803339175,0.23775481966608247
298,file:/data/Diego/UNAM/Titulacion/codigo/mio/analisis2/topic_modeling/textos_ids/0753549.txt,0.9597430154426501,0.040256984557349995
299,file:/data/Diego/UNAM/Titulacion/codigo/mio/analisis2/topic_modeling/textos_ids/0754148.txt,0.8081002151859822,0.19189978481401784
300,file:/data/Diego/UNAM/Titulacion/codigo/mio/analisis2/topic_modeling/textos_ids/0754206.txt,0.5860755855726397,0.4139244144273603
301,file:/data/Diego/UNAM/Titulacion/codigo/mio/analisis2/topic_modeling/textos_ids/0754540.txt,0.935823754789272,0.06417624521072797
302,file:/data/Diego/UNAM/Titulacion/codigo/mio/analisis2/topic_modeling/textos_ids/0754893.txt,0.9222784810126582,0.07772151898734177
303,file:/data/Diego/UNAM/Titulacion/codigo/mio/analisis2/topic_modeling/textos_ids/0755175.txt,0.9491477729538511,0.0508522270461489
304,file:/data/Diego/UNAM/Titulacion/codigo/mio/analisis2/topic_modeling/textos_ids/0755178.txt,0.9207208012877839,0.07927919871221606
305,file:/data/Diego/UNAM/Titulacion/codigo/mio/analisis2/topic_modeling/textos_ids/0755725.txt,0.9551108374384236,0.04488916256157636
306,file:/data/Diego/UNAM/Titulacion/codigo/mio/analisis2/topic_modeling/textos_ids/0755849.txt,0.7614537311626218,0.2385462688373782
307,file:/data/Diego/UNAM/Titulacion/codigo/mio/analisis2/topic_modeling/textos_ids/0756238.txt,0.8835907871612246,0.11640921283877532
308,file:/data/Diego/UNAM/Titulacion/codigo/mio/analisis2/topic_modeling/textos_ids/0756438.txt,0.9454684198168584,0.05453158018314158
309,file:/data/Diego/UNAM/Titulacion/codigo/mio/analisis2/topic_modeling/textos_ids/0757806.txt,0.9182088565763384,0.0817911434236616
310,file:/data/Diego/UNAM/Titulacion/codigo/mio/analisis2/topic_modeling/textos_ids/0758877.txt,0.9522467110883308,0.04775328891166923
311,file:/data/Diego/UNAM/Titulacion/codigo/mio/analisis2/topic_modeling/textos_ids/0758935.txt,0.9592170277461042,0.040782972253895856
312,file:/data/Diego/UNAM/Titulacion/codigo/mio/analisis2/topic_modeling/textos_ids/0759014.txt,0.8272119435794102,0.17278805642058986
313,file:/data/Diego/UNAM/Titulacion/codigo/mio/analisis2/topic_modeling/textos_ids/0759636.txt,0.9045761527713088,0.0954238472286912
314,file:/data/Diego/UNAM/Titulacion/codigo/mio/analisis2/topic_modeling/textos_ids/0759734.txt,0.8167258571233438,0.1832741428766562
315,file:/data/Diego/UNAM/Titulacion/codigo/mio/analisis2/topic_modeling/textos_ids/0760159.txt,0.9461906987613928,0.05380930123860715
316,file:/data/Diego/UNAM/Titulacion/codigo/mio/analisis2/topic_modeling/textos_ids/0760468.txt,0.8395380721366801,0.16046192786331998
317,file:/data/Diego/UNAM/Titulacion/codigo/mio/analisis2/topic_modeling/textos_ids/0760943.txt,0.9305187429004165,0.06948125709958348
318,file:/data/Diego/UNAM/Titulacion/codigo/mio/analisis2/topic_modeling/textos_ids/0765189.txt,0.7111341593317262,0.2888658406682738
319,file:/data/Diego/UNAM/Titulacion/codigo/mio/analisis2/topic_modeling/textos_ids/0766160.txt,0.9272092538557732,0.07279074614422676
320,file:/data/Diego/UNAM/Titulacion/codigo/mio/analisis2/topic_modeling/textos_ids/0766419.txt,0.9709481508339376,0.029051849166062363
321,file:/data/Diego/UNAM/Titulacion/codigo/mio/analisis2/topic_modeling/textos_ids/0766420.txt,0.9599604923263941,0.04003950767360583
322,file:/data/Diego/UNAM/Titulacion/codigo/mio/analisis2/topic_modeling/textos_ids/0766477.txt,0.9522226111305565,0.04777738886944347
323,file:/data/Diego/UNAM/Titulacion/codigo/mio/analisis2/topic_modeling/textos_ids/0766916.txt,0.9701029098651526,0.02989709013484741
324,file:/data/Diego/UNAM/Titulacion/codigo/mio/analisis2/topic_modeling/textos_ids/0767426.txt,0.9278432864206922,0.07215671357930772
325,file:/data/Diego/UNAM/Titulacion/codigo/mio/analisis2/topic_modeling/textos_ids/0767560.txt,0.8451827508816928,0.15481724911830716
326,file:/data/Diego/UNAM/Titulacion/codigo/mio/analisis2/topic_modeling/textos_ids/0767624.txt,0.9813101544430352,0.01868984555696486
327,file:/data/Diego/UNAM/Titulacion/codigo/mio/analisis2/topic_modeling/textos_ids/0768151.txt,0.35157061785628646,0.6484293821437135
328,file:/data/Diego/UNAM/Titulacion/codigo/mio/analisis2/topic_modeling/textos_ids/0769021.txt,0.9678300722721664,0.0321699277278336
329,file:/data/Diego/UNAM/Titulacion/codigo/mio/analisis2/topic_modeling/textos_ids/0769218.txt,0.8988439306358381,0.10115606936416185
330,file:/data/Diego/UNAM/Titulacion/codigo/mio/analisis2/topic_modeling/textos_ids/0770411.txt,0.9684978054650998,0.031502194534900184
331,file:/data/Diego/UNAM/Titulacion/codigo/mio/analisis2/topic_modeling/textos_ids/0771782.txt,0.9748318255625145,0.0251681744374855
332,file:/data/Diego/UNAM/Titulacion/codigo/mio/analisis2/topic_modeling/textos_ids/0771902.txt,0.9623663477771525,0.037633652222847494
333,file:/data/Diego/UNAM/Titulacion/codigo/mio/analisis2/topic_modeling/textos_ids/0772044.txt,0.9665104629554819,0.033489537044518056
334,file:/data/Diego/UNAM/Titulacion/codigo/mio/analisis2/topic_modeling/textos_ids/0772467.txt,0.9481132075471698,0.05188679245283019
335,file:/data/Diego/UNAM/Titulacion/codigo/mio/analisis2/topic_modeling/textos_ids/0772999.txt,0.9670488911290323,0.03295110887096774
336,file:/data/Diego/UNAM/Titulacion/codigo/mio/analisis2/topic_modeling/textos_ids/0773000.txt,0.9232888146911519,0.07671118530884807
337,file:/data/Diego/UNAM/Titulacion/codigo/mio/analisis2/topic_modeling/textos_ids/0773698.txt,0.16374388254486133,0.8362561174551386
338,file:/data/Diego/UNAM/Titulacion/codigo/mio/analisis2/topic_modeling/textos_ids/0773919.txt,0.677482057416268,0.32251794258373206
339,file:/data/Diego/UNAM/Titulacion/codigo/mio/analisis2/topic_modeling/textos_ids/0774148.txt,0.9598837209302326,0.04011627906976744
340,file:/data/Diego/UNAM/Titulacion/codigo/mio/analisis2/topic_modeling/textos_ids/0774382.txt,0.5791202896607215,0.4208797103392785
341,file:/data/Diego/UNAM/Titulacion/codigo/mio/analisis2/topic_modeling/textos_ids/0774506.txt,0.9017921664980488,0.09820783350195116
342,file:/data/Diego/UNAM/Titulacion/codigo/mio/analisis2/topic_modeling/textos_ids/0775415.txt,0.7797256097560976,0.22027439024390244
343,file:/data/Diego/UNAM/Titulacion/codigo/mio/analisis2/topic_modeling/textos_ids/0778044.txt,0.915077654341458,0.08492234565854198
344,file:/data/Diego/UNAM/Titulacion/codigo/mio/analisis2/topic_modeling/textos_ids/0780757.txt,0.9858233848314607,0.014176615168539327
345,file:/data/Diego/UNAM/Titulacion/codigo/mio/analisis2/topic_modeling/textos_ids/0781143.txt,0.9113451086956522,0.08865489130434782
346,file:/data/Diego/UNAM/Titulacion/codigo/mio/analisis2/topic_modeling/textos_ids/0781189.txt,0.971842018469657,0.028157981530343008
347,file:/data/Diego/UNAM/Titulacion/codigo/mio/analisis2/topic_modeling/textos_ids/0782154.txt,0.09384615384615384,0.9061538461538462
348,file:/data/Diego/UNAM/Titulacion/codigo/mio/analisis2/topic_modeling/textos_ids/0782592.txt,0.4662517644039523,0.5337482355960478
349,file:/data/Diego/UNAM/Titulacion/codigo/mio/analisis2/topic_modeling/textos_ids/0782945.txt,0.958225739275302,0.041774260724698045
350,file:/data/Diego/UNAM/Titulacion/codigo/mio/analisis2/topic_modeling/textos_ids/0783354.txt,0.9311193784877996,0.06888062151220047
351,file:/data/Diego/UNAM/Titulacion/codigo/mio/analisis2/topic_modeling/textos_ids/0783844.txt,0.6163038649489115,0.3836961350510884
352,file:/data/Diego/UNAM/Titulacion/codigo/mio/analisis2/topic_modeling/textos_ids/0783905.txt,0.13346062681063997,0.86653937318936
353,file:/data/Diego/UNAM/Titulacion/codigo/mio/analisis2/topic_modeling/textos_ids/0784489.txt,0.947721465076661,0.05227853492333901
354,file:/data/Diego/UNAM/Titulacion/codigo/mio/analisis2/topic_modeling/textos_ids/0785180.txt,0.9730796841349605,0.026920315865039485
355,file:/data/Diego/UNAM/Titulacion/codigo/mio/analisis2/topic_modeling/textos_ids/0786696.txt,0.9767326732673267,0.023267326732673267
356,file:/data/Diego/UNAM/Titulacion/codigo/mio/analisis2/topic_modeling/textos_ids/0787271.txt,0.9735606792765429,0.02643932072345713
357,file:/data/Diego/UNAM/Titulacion/codigo/mio/analisis2/topic_modeling/textos_ids/0787405.txt,0.9752892226507002,0.024710777349299776
358,file:/data/Diego/UNAM/Titulacion/codigo/mio/analisis2/topic_modeling/textos_ids/0787508.txt,0.9615693196405648,0.03843068035943517
359,file:/data/Diego/UNAM/Titulacion/codigo/mio/analisis2/topic_modeling/textos_ids/0787655.txt,0.7917585722879487,0.20824142771205134
360,file:/data/Diego/UNAM/Titulacion/codigo/mio/analisis2/topic_modeling/textos_ids/0787906.txt,0.6104352678571429,0.38956473214285714
361,file:/data/Diego/UNAM/Titulacion/codigo/mio/analisis2/topic_modeling/textos_ids/0788300.txt,0.7821233180541179,0.217876681945882
362,file:/data/Diego/UNAM/Titulacion/codigo/mio/analisis2/topic_modeling/textos_ids/0788633.txt,0.7244871292303672,0.2755128707696328
363,file:/data/Diego/UNAM/Titulacion/codigo/mio/analisis2/topic_modeling/textos_ids/0788753.txt,0.9850849994654122,0.014915000534587834
364,file:/data/Diego/UNAM/Titulacion/codigo/mio/analisis2/topic_modeling/textos_ids/0788816.txt,0.9631590639810427,0.03684093601895735
365,file:/data/Diego/UNAM/Titulacion/codigo/mio/analisis2/topic_modeling/textos_ids/0789215.txt,0.6290469865515523,0.3709530134484476
366,file:/data/Diego/UNAM/Titulacion/codigo/mio/analisis2/topic_modeling/textos_ids/0789216.txt,0.8956238911886458,0.10437610881135423
367,file:/data/Diego/UNAM/Titulacion/codigo/mio/analisis2/topic_modeling/textos_ids/0789676.txt,0.9658259891243203,0.03417401087567973
368,file:/data/Diego/UNAM/Titulacion/codigo/mio/analisis2/topic_modeling/textos_ids/0790028.txt,0.9736302467157962,0.02636975328420378
369,file:/data/Diego/UNAM/Titulacion/codigo/mio/analisis2/topic_modeling/textos_ids/0791109.txt,0.9649161911554922,0.03508380884450785
370,file:/data/Diego/UNAM/Titulacion/codigo/mio/analisis2/topic_modeling/textos_ids/0791321.txt,0.9625657628490489,0.03743423715095103
371,file:/data/Diego/UNAM/Titulacion/codigo/mio/analisis2/topic_modeling/textos_ids/0793046.txt,0.8902075307568038,0.10979246924319622
372,file:/data/Diego/UNAM/Titulacion/codigo/mio/analisis2/topic_modeling/textos_ids/0793886.txt,0.9760978670012547,0.023902132998745294
373,file:/data/Diego/UNAM/Titulacion/codigo/mio/analisis2/topic_modeling/textos_ids/0795030.txt,0.9730257391027174,0.02697426089728265
374,file:/data/Diego/UNAM/Titulacion/codigo/mio/analisis2/topic_modeling/textos_ids/0795031.txt,0.9216679169792448,0.07833208302075519
375,file:/data/Diego/UNAM/Titulacion/codigo/mio/analisis2/topic_modeling/textos_ids/0795604.txt,0.9486402705368465,0.051359729463153446
376,file:/data/Diego/UNAM/Titulacion/codigo/mio/analisis2/topic_modeling/textos_ids/0796765.txt,0.48830257343384453,0.5116974265661555
377,file:/data/Diego/UNAM/Titulacion/codigo/mio/analisis2/topic_modeling/textos_ids/0797166.txt,0.9539292595650977,0.04607074043490229
378,file:/data/Diego/UNAM/Titulacion/codigo/mio/analisis2/topic_modeling/textos_ids/0798648.txt,0.9471538744032317,0.05284612559676827
379,file:/data/Diego/UNAM/Titulacion/codigo/mio/analisis2/topic_modeling/textos_ids/0799804.txt,0.7871740125057191,0.21282598749428092
380,file:/data/Diego/UNAM/Titulacion/codigo/mio/analisis2/topic_modeling/textos_ids/0799805.txt,0.9681255946717412,0.031874405328258804
381,file:/data/Diego/UNAM/Titulacion/codigo/mio/analisis2/topic_modeling/textos_ids/0800281.txt,0.9405578758949881,0.059442124105011936
382,file:/data/Diego/UNAM/Titulacion/codigo/mio/analisis2/topic_modeling/textos_ids/0800575.txt,0.889873417721519,0.11012658227848102
383,file:/data/Diego/UNAM/Titulacion/codigo/mio/analisis2/topic_modeling/textos_ids/0800620.txt,0.8959609336202615,0.10403906637973845
384,file:/data/Diego/UNAM/Titulacion/codigo/mio/analisis2/topic_modeling/textos_ids/0800784.txt,0.9594273090322032,0.040572690967796754
385,file:/data/Diego/UNAM/Titulacion/codigo/mio/analisis2/topic_modeling/textos_ids/0801014.txt,0.9409113988321909,0.05908860116780909
386,file:/data/Diego/UNAM/Titulacion/codigo/mio/analisis2/topic_modeling/textos_ids/0801365.txt,0.7893272635306019,0.21067273646939808
387,file:/data/Diego/UNAM/Titulacion/codigo/mio/analisis2/topic_modeling/textos_ids/0802619.txt,0.9764923210663575,0.02350767893364242
388,file:/data/Diego/UNAM/Titulacion/codigo/mio/analisis2/topic_modeling/textos_ids/0802764.txt,0.9709093745125565,0.029090625487443456
389,file:/data/Diego/UNAM/Titulacion/codigo/mio/analisis2/topic_modeling/textos_ids/0803057.txt,0.9081589246214055,0.09184107537859452
390,file:/data/Diego/UNAM/Titulacion/codigo/mio/analisis2/topic_modeling/textos_ids/0804133.txt,0.9250984024079648,0.0749015975920352
391,file:/data/Diego/UNAM/Titulacion/codigo/mio/analisis2/topic_modeling/textos_ids/0804810.txt,0.9154205111888853,0.08457948881111464
392,file:/data/Diego/UNAM/Titulacion/codigo/mio/analisis2/topic_modeling/textos_ids/0805015.txt,0.8318828144152979,0.16811718558470212
393,file:/data/Diego/UNAM/Titulacion/codigo/mio/analisis2/topic_modeling/textos_ids/0805981.txt,0.8954075032341526,0.10459249676584735
394,file:/data/Diego/UNAM/Titulacion/codigo/mio/analisis2/topic_modeling/textos_ids/0806040.txt,0.5281394551995888,0.4718605448004112
395,file:/data/Diego/UNAM/Titulacion/codigo/mio/analisis2/topic_modeling/textos_ids/0806629.txt,0.9648347865993575,0.0351652134006425
396,file:/data/Diego/UNAM/Titulacion/codigo/mio/analisis2/topic_modeling/textos_ids/0806867.txt,0.7003511308478777,0.2996488691521223
397,file:/data/Diego/UNAM/Titulacion/codigo/mio/analisis2/topic_modeling/textos_ids/0809309.txt,0.8631141045958796,0.13688589540412044
398,file:/data/Diego/UNAM/Titulacion/codigo/mio/analisis2/topic_modeling/textos_ids/0809778.txt,0.7958614616965072,0.20413853830349282
399,file:/data/Diego/UNAM/Titulacion/codigo/mio/analisis2/topic_modeling/textos_ids/0809815.txt,0.10572256145295131,0.8942774385470487
400,file:/data/Diego/UNAM/Titulacion/codigo/mio/analisis2/topic_modeling/textos_ids/0809997.txt,0.7255020300669374,0.27449796993306264
401,file:/data/Diego/UNAM/Titulacion/codigo/mio/analisis2/topic_modeling/textos_ids/0810109.txt,0.967609134690073,0.032390865309926985
402,file:/data/Diego/UNAM/Titulacion/codigo/mio/analisis2/topic_modeling/textos_ids/0810193.txt,0.8692089057318806,0.13079109426811938
403,file:/data/Diego/UNAM/Titulacion/codigo/mio/analisis2/topic_modeling/textos_ids/0810444.txt,0.9788022531870738,0.021197746812926178
404,file:/data/Diego/UNAM/Titulacion/codigo/mio/analisis2/topic_modeling/textos_ids/0810622.txt,0.6269086210946676,0.3730913789053324
405,file:/data/Diego/UNAM/Titulacion/codigo/mio/analisis2/topic_modeling/textos_ids/0810623.txt,0.9563433337817839,0.04365666621821607
406,file:/data/Diego/UNAM/Titulacion/codigo/mio/analisis2/topic_modeling/textos_ids/0810690.txt,0.8516077636152954,0.14839223638470453
407,file:/data/Diego/UNAM/Titulacion/codigo/mio/analisis2/topic_modeling/textos_ids/0810691.txt,0.9586682977979727,0.04133170220202726
408,file:/data/Diego/UNAM/Titulacion/codigo/mio/analisis2/topic_modeling/textos_ids/0810915.txt,0.9101641907740422,0.08983580922595778
409,file:/data/Diego/UNAM/Titulacion/codigo/mio/analisis2/topic_modeling/textos_ids/0810916.txt,0.9724356268467708,0.02756437315322921
410,file:/data/Diego/UNAM/Titulacion/codigo/mio/analisis2/topic_modeling/textos_ids/0810970.txt,0.8114600665557404,0.18853993344425957
411,file:/data/Diego/UNAM/Titulacion/codigo/mio/analisis2/topic_modeling/textos_ids/0811124.txt,0.9429783771215996,0.057021622878400374
412,file:/data/Diego/UNAM/Titulacion/codigo/mio/analisis2/topic_modeling/textos_ids/0811461.txt,0.7314876584389594,0.2685123415610407
413,file:/data/Diego/UNAM/Titulacion/codigo/mio/analisis2/topic_modeling/textos_ids/0811635.txt,0.8331207482993197,0.16687925170068027
414,file:/data/Diego/UNAM/Titulacion/codigo/mio/analisis2/topic_modeling/textos_ids/0812001.txt,0.9290985467756585,0.0709014532243415
415,file:/data/Diego/UNAM/Titulacion/codigo/mio/analisis2/topic_modeling/textos_ids/0812002.txt,0.21833666084352382,0.7816633391564761
416,file:/data/Diego/UNAM/Titulacion/codigo/mio/analisis2/topic_modeling/textos_ids/0812185.txt,0.3891003763017415,0.6108996236982586
417,file:/data/Diego/UNAM/Titulacion/codigo/mio/analisis2/topic_modeling/textos_ids/0812367.txt,0.942449713341755,0.05755028665824507
418,file:/data/Diego/UNAM/Titulacion/codigo/mio/analisis2/topic_modeling/textos_ids/0812662.txt,0.9150664697193501,0.08493353028064993
419,file:/data/Diego/UNAM/Titulacion/codigo/mio/analisis2/topic_modeling/textos_ids/0813092.txt,0.952103902209685,0.047896097790315
420,file:/data/Diego/UNAM/Titulacion/codigo/mio/analisis2/topic_modeling/textos_ids/0813136.txt,0.9196406443618339,0.08035935563816604
421,file:/data/Diego/UNAM/Titulacion/codigo/mio/analisis2/topic_modeling/textos_ids/0813410.txt,0.04810190531177829,0.9518980946882217
422,file:/data/Diego/UNAM/Titulacion/codigo/mio/analisis2/topic_modeling/textos_ids/0813616.txt,0.17681711074859524,0.8231828892514047
423,file:/data/Diego/UNAM/Titulacion/codigo/mio/analisis2/topic_modeling/textos_ids/0815690.txt,0.4592803790860172,0.5407196209139828
424,file:/data/Diego/UNAM/Titulacion/codigo/mio/analisis2/topic_modeling/textos_ids/0816493.txt,0.968757991646066,0.031242008353934023
425,file:/data/Diego/UNAM/Titulacion/codigo/mio/analisis2/topic_modeling/textos_ids/0817829.txt,0.9487759600881773,0.05122403991182272
426,file:/data/Diego/UNAM/Titulacion/codigo/mio/analisis2/topic_modeling/textos_ids/0819011.txt,0.9751391700404858,0.02486082995951417
427,file:/data/Diego/UNAM/Titulacion/codigo/mio/analisis2/topic_modeling/textos_ids/0819811.txt,0.9666611240438976,0.03333887595610243
428,file:/data/Diego/UNAM/Titulacion/codigo/mio/analisis2/topic_modeling/textos_ids/0820517.txt,0.41089108910891087,0.5891089108910891
429,file:/data/Diego/UNAM/Titulacion/codigo/mio/analisis2/topic_modeling/textos_ids/0820685.txt,0.9495306524510372,0.0504693475489628
430,file:/data/Diego/UNAM/Titulacion/codigo/mio/analisis2/topic_modeling/textos_ids/0821352.txt,0.9271421556592192,0.07285784434078076
431,file:/data/Diego/UNAM/Titulacion/codigo/mio/analisis2/topic_modeling/textos_ids/0821775.txt,0.948086642599278,0.05191335740072202
432,file:/data/Diego/UNAM/Titulacion/codigo/mio/analisis2/topic_modeling/textos_ids/0821801.txt,0.9203782794386821,0.07962172056131787
433,file:/data/Diego/UNAM/Titulacion/codigo/mio/analisis2/topic_modeling/textos_ids/0822350.txt,0.1660655737704918,0.8339344262295082
434,file:/data/Diego/UNAM/Titulacion/codigo/mio/analisis2/topic_modeling/textos_ids/0823199.txt,0.07597753136854392,0.9240224686314561
435,file:/data/Diego/UNAM/Titulacion/codigo/mio/analisis2/topic_modeling/textos_ids/0823200.txt,0.591859076433121,0.408140923566879
436,file:/data/Diego/UNAM/Titulacion/codigo/mio/analisis2/topic_modeling/textos_ids/0823755.txt,0.9810507783543365,0.018949221645663455
437,file:/data/Diego/UNAM/Titulacion/codigo/mio/analisis2/topic_modeling/textos_ids/0824003.txt,0.9483893077450308,0.05161069225496916
438,file:/data/Diego/UNAM/Titulacion/codigo/mio/analisis2/topic_modeling/textos_ids/0824284.txt,0.7502075722351378,0.24979242776486218
439,file:/data/Diego/UNAM/Titulacion/codigo/mio/analisis2/topic_modeling/textos_ids/0825396.txt,0.9676646120731827,0.03233538792681734
440,file:/data/Diego/UNAM/Titulacion/codigo/mio/analisis2/topic_modeling/textos_ids/0825487.txt,0.9572023649556571,0.04279763504434292
441,file:/data/Diego/UNAM/Titulacion/codigo/mio/analisis2/topic_modeling/textos_ids/0825705.txt,0.9236788096459723,0.07632119035402771
442,file:/data/Diego/UNAM/Titulacion/codigo/mio/analisis2/topic_modeling/textos_ids/0825848.txt,0.7850352873397667,0.21496471266023331
443,file:/data/Diego/UNAM/Titulacion/codigo/mio/analisis2/topic_modeling/textos_ids/0825991.txt,0.5134121274409044,0.4865878725590956
444,file:/data/Diego/UNAM/Titulacion/codigo/mio/analisis2/topic_modeling/textos_ids/0825992.txt,0.49801451883104797,0.501985481168952
445,file:/data/Diego/UNAM/Titulacion/codigo/mio/analisis2/topic_modeling/textos_ids/0826596.txt,0.8998460015399846,0.1001539984600154
446,file:/data/Diego/UNAM/Titulacion/codigo/mio/analisis2/topic_modeling/textos_ids/0826706.txt,0.9423524844720497,0.05764751552795031
447,file:/data/Diego/UNAM/Titulacion/codigo/mio/analisis2/topic_modeling/textos_ids/0827264.txt,0.9117542191585453,0.08824578084145472
448,file:/data/Diego/UNAM/Titulacion/codigo/mio/analisis2/topic_modeling/textos_ids/0828322.txt,0.9101382488479263,0.08986175115207373
449,file:/data/Diego/UNAM/Titulacion/codigo/mio/analisis2/topic_modeling/textos_ids/0828496.txt,0.7337631469487195,0.26623685305128053
450,file:/data/Diego/UNAM/Titulacion/codigo/mio/analisis2/topic_modeling/textos_ids/0829243.txt,0.790672069056637,0.209327930943363
451,file:/data/Diego/UNAM/Titulacion/codigo/mio/analisis2/topic_modeling/textos_ids/0830257.txt,0.9531568970545349,0.04684310294546515
452,file:/data/Diego/UNAM/Titulacion/codigo/mio/analisis2/topic_modeling/textos_ids/0830686.txt,0.9331144141030072,0.06688558589699274
453,file:/data/Diego/UNAM/Titulacion/codigo/mio/analisis2/topic_modeling/textos_ids/0830828.txt,0.9209586595247905,0.07904134047520944
454,file:/data/Diego/UNAM/Titulacion/codigo/mio/analisis2/topic_modeling/textos_ids/0831470.txt,0.6867405737191532,0.3132594262808468
455,file:/data/Diego/UNAM/Titulacion/codigo/mio/analisis2/topic_modeling/textos_ids/0831982.txt,0.8583128235593652,0.1416871764406348
456,file:/data/Diego/UNAM/Titulacion/codigo/mio/analisis2/topic_modeling/textos_ids/0831983.txt,0.5722104231334749,0.4277895768665251
457,file:/data/Diego/UNAM/Titulacion/codigo/mio/analisis2/topic_modeling/textos_ids/0833151.txt,0.9772265548201061,0.022773445179893832
458,file:/data/Diego/UNAM/Titulacion/codigo/mio/analisis2/topic_modeling/textos_ids/0833220.txt,0.09337935917861569,0.9066206408213843
459,file:/data/Diego/UNAM/Titulacion/codigo/mio/analisis2/topic_modeling/textos_ids/0833509.txt,0.9460350043215212,0.05396499567847882
460,file:/data/Diego/UNAM/Titulacion/codigo/mio/analisis2/topic_modeling/textos_ids/0833641.txt,0.9617158671586716,0.038284132841328415
461,file:/data/Diego/UNAM/Titulacion/codigo/mio/analisis2/topic_modeling/textos_ids/0833910.txt,0.9664742956944339,0.033525704305566104
462,file:/data/Diego/UNAM/Titulacion/codigo/mio/analisis2/topic_modeling/textos_ids/0834137.txt,0.9549218897044984,0.0450781102955016
463,file:/data/Diego/UNAM/Titulacion/codigo/mio/analisis2/topic_modeling/textos_ids/0834775.txt,0.9178500249128052,0.08214997508719482
464,file:/data/Diego/UNAM/Titulacion/codigo/mio/analisis2/topic_modeling/textos_ids/0834878.txt,0.9844900422450211,0.015509957754978878
465,file:/data/Diego/UNAM/Titulacion/codigo/mio/analisis2/topic_modeling/textos_ids/0834980.txt,0.23596311475409837,0.7640368852459016
466,file:/data/Diego/UNAM/Titulacion/codigo/mio/analisis2/topic_modeling/textos_ids/0835106.txt,0.9426308539944903,0.057369146005509644
467,file:/data/Diego/UNAM/Titulacion/codigo/mio/analisis2/topic_modeling/textos_ids/0835764.txt,0.9518672722684834,0.04813272773151653
468,file:/data/Diego/UNAM/Titulacion/codigo/mio/analisis2/topic_modeling/textos_ids/0835829.txt,0.8749786653012459,0.12502133469875407
469,file:/data/Diego/UNAM/Titulacion/codigo/mio/analisis2/topic_modeling/textos_ids/0835973.txt,0.8885700992555832,0.11142990074441687
470,file:/data/Diego/UNAM/Titulacion/codigo/mio/analisis2/topic_modeling/textos_ids/0836668.txt,0.2360365505425471,0.7639634494574529
471,file:/data/Diego/UNAM/Titulacion/codigo/mio/analisis2/topic_modeling/textos_ids/0837074.txt,0.9449598370856431,0.05504016291435683
472,file:/data/Diego/UNAM/Titulacion/codigo/mio/analisis2/topic_modeling/textos_ids/0838529.txt,0.9434653974787754,0.056534602521224595
473,file:/data/Diego/UNAM/Titulacion/codigo/mio/analisis2/topic_modeling/textos_ids/0839234.txt,0.0634999292085516,0.9365000707914484
474,file:/data/Diego/UNAM/Titulacion/codigo/mio/analisis2/topic_modeling/textos_ids/0840472.txt,0.9458607272239367,0.05413927277606333
475,file:/data/Diego/UNAM/Titulacion/codigo/mio/analisis2/topic_modeling/textos_ids/0840512.txt,0.21117153215035298,0.788828467849647
476,file:/data/Diego/UNAM/Titulacion/codigo/mio/analisis2/topic_modeling/textos_ids/0840513.txt,0.9596898307091275,0.0403101692908725
477,file:/data/Diego/UNAM/Titulacion/codigo/mio/analisis2/topic_modeling/textos_ids/0840793.txt,0.0995097058234941,0.900490294176506
478,file:/data/Diego/UNAM/Titulacion/codigo/mio/analisis2/topic_modeling/textos_ids/0840929.txt,0.9488148224821447,0.05118517751785529
479,file:/data/Diego/UNAM/Titulacion/codigo/mio/analisis2/topic_modeling/textos_ids/0842479.txt,0.2342210007581501,0.7657789992418499
480,file:/data/Diego/UNAM/Titulacion/codigo/mio/analisis2/topic_modeling/textos_ids/0842757.txt,0.9296577946768061,0.07034220532319392
481,file:/data/Diego/UNAM/Titulacion/codigo/mio/analisis2/topic_modeling/textos_ids/0842897.txt,0.9711572912934432,0.02884270870655679
482,file:/data/Diego/UNAM/Titulacion/codigo/mio/analisis2/topic_modeling/textos_ids/0844412.txt,0.9607150390213035,0.03928496097869648
483,file:/data/Diego/UNAM/Titulacion/codigo/mio/analisis2/topic_modeling/textos_ids/0846594.txt,0.8727918781725889,0.12720812182741117
484,file:/data/Diego/UNAM/Titulacion/codigo/mio/analisis2/topic_modeling/textos_ids/0846649.txt,0.9403441852213253,0.05965581477867471
485,file:/data/Diego/UNAM/Titulacion/codigo/mio/analisis2/topic_modeling/textos_ids/0847028.txt,0.8876976521322473,0.11230234786775276
486,file:/data/Diego/UNAM/Titulacion/codigo/mio/analisis2/topic_modeling/textos_ids/0848005.txt,0.9022916263778766,0.09770837362212338
487,file:/data/Diego/UNAM/Titulacion/codigo/mio/analisis2/topic_modeling/textos_ids/0848268.txt,0.9554395214437797,0.044560478556220216
488,file:/data/Diego/UNAM/Titulacion/codigo/mio/analisis2/topic_modeling/textos_ids/0848442.txt,0.9501183431952662,0.04988165680473373
489,file:/data/Diego/UNAM/Titulacion/codigo/mio/analisis2/topic_modeling/textos_ids/0849125.txt,0.984638684552142,0.01536131544785807
490,file:/data/Diego/UNAM/Titulacion/codigo/mio/analisis2/topic_modeling/textos_ids/0849461.txt,0.962089715536105,0.03791028446389497
491,file:/data/Diego/UNAM/Titulacion/codigo/mio/analisis2/topic_modeling/textos_ids/0849882.txt,0.9107500653367018,0.0892499346632982
